Variable / Field Name,Form Name,Section Header,Field Type,Field Label,"Choices, Calculations, OR Slider Labels",Field Note,Text Validation Type OR Show Slider Number,Text Validation Min,Text Validation Max,Identifier?,Branching Logic (Show field only if...),Required Field?,Custom Alignment,Question Number (surveys only),Matrix Group Name,Matrix Ranking?,Field Annotation
gv_id_recid,hfa_identification,,text,Record ID,,,,,,,,,,,,,
gv_id_hed_1,hfa_identification,,descriptive,"<div style=""background-color:#82cdbf; padding:5px""></div>",,,,,,,,,,,,,
gv_id_ban_1,hfa_identification,,descriptive,,,,,,,,,,,,,,
gv_id_hed_2,hfa_identification,,descriptive,"<div style=""background-color:#82cdbf; padding:5px""></div>",,,,,,,,,,,,,
gv_id_ins_1,hfa_identification,,descriptive,"<p style=""font-weight:normal""><i><b>INSTRUCTIONS:</b> This module consists of four sections:

1.	Target Setting (hospital administrator)<br>
2.	Financing Reports (hospital administrator)<br>
3.	Staff Absenteeism and Performance Review (hospital administrator)<br>
4.	Clinical Audit and Management Meetings (hospital administrator)
</p>",,,,,,,,,,,,,
gv_id_hed_3,hfa_identification,,descriptive,"<div style=""background-color:#82cdbf; padding:5px"">Facility Identification</div>",,,,,,,,,,,,,
gv_id_ctry,hfa_identification,,radio,Country:,"1, Malawi | 2, Kenya | 3, Tanzania | 4, Nigeria",,,,,,,y,,,,,
gv_id_facid_mw,hfa_identification,,dropdown,Facility Name:,"1, Fill in Facility IDs",,,,,,[gv_id_ctry] = '1',y,,,,,
gv_id_facid_ke,hfa_identification,,dropdown,Facility Name:,"1, Fill in Facility IDs",,,,,,[gv_id_ctry] = '2',y,,,,,
gv_id_facid_tz,hfa_identification,,dropdown,Facility Name:,"1, Fill in Facility IDs",,,,,,[gv_id_ctry] = '3',y,,,,,
gv_id_facid_nga,hfa_identification,,dropdown,Facility Name:,"1, Fill in Facility IDs",,,,,,[gv_id_ctry] = '4',y,,,,,
gv_id_dtfrm,hfa_identification,,text,Data Collection Date:,,,date_ymd,,,,,y,,,,,
gv_id_hed_4,hfa_identification,,descriptive,"<div style=""background-color:#82cdbf; padding:5px"">Data Collectors</div>",,,,,,,,,,,,,
gv_id_iw_num,hfa_identification,,radio,How many data collectors collected this data?,"1, 1 data collector | 2, 2 data collectors",,,,,,,y,,,,,
gv_id_hed_5,hfa_identification,,descriptive,"<div style=""background-color:#82cdbf; padding:5px"">Data Collector #1</div>",,,,,,,[gv_id_iw_num] = '1' or [gv_id_iw_num] = '2',,,,,,
gv_id_iw_nam_1,hfa_identification,,text,Data Collector First and Last Name:,,,,,,y,[gv_id_iw_num] = '1' or [gv_id_iw_num] = '2',y,,,,,
gv_id_hed_6,hfa_identification,,descriptive,"<div style=""background-color:#82cdbf; padding:5px"">Data Collector #2</div>",,,,,,,[gv_id_iw_num] = '2',,,,,,
gv_id_iw_nam_2,hfa_identification,,text,Data Collector First and Last Name:,,,,,,y,[gv_id_iw_num] = '2',,,,,,
gv_id_hed_7,hfa_identification,,descriptive,"<div style=""background-color:#82cdbf; padding:5px""></div>",,,,,,,,,,,,,
gv_id_com,hfa_identification,,notes,Comments:,,,,,,,,,,,,,
gv_tar_hed_1,hfa_target_setting,,descriptive,"<div style=""background-color:#82cdbf; padding:5px""></div>",,,,,,,,,,,,,
gv_tar_ban_1,hfa_target_setting,,descriptive,,,,,,,,,,,,,,
gv_tar_hed_2,hfa_target_setting,,descriptive,"<div class=""h4"" style=""background-color:#82cdbf;padding:10px"">Target Setting</div>",,,,,,,,,,,,,
gv_tar_ins_1,hfa_target_setting,,descriptive,"<p style=""font-weight:normal""><i><b>INSTRUCTIONS:</b> Direct these questions to the hospital administrator. For some questions, you will need to ask and observe the staff or specific items/spaces at the facility. Please do not leave any variable blank. If a response is unknown, write “unknown” or select ""unknown"" from the multiple-choice answers.<br>
<b>Prompt:</b> “I'd like to ask you a few questions on target setting.”</p>",,,,,,,,,,,,,
gv_tar_hed_3,hfa_target_setting,,descriptive,"<div style=""background-color:#82cdbf; padding:5px""></div>",,,,,,,,,,,,,
gv_tar_rp_num,hfa_target_setting,,radio,Number of Respondents Interviewed:,"1, 1 respondent|2, 2 respondents|3, 3 respondents|4, 4 respondents|5, 5 respondents",,,,,,,y,,,,,
gv_tar_rp_hed_1,hfa_target_setting,,descriptive,"<div style=""background-color:#82cdbf; padding:5px"">Respondent #1</div>",,,,,,,[gv_tar_rp_num] >= 1,,,,,,
gv_tar_rp_nam_1,hfa_target_setting,,text,Respondent Name (First and Last):,,,,,,y,[gv_tar_rp_num] >= 1,y,,,,,
gv_tar_rp_pos_1,hfa_target_setting,,radio,Respondent Position:,"6, Hospital Management | 5, Biomedical Engineering Technician | 1, NEST Coordinator | 2, Nurse | 7, Nurse-in-charge | 3, Data Clerk | 4, Clinician | 99, Other <i>(specify below)</i>",,,,,,[gv_tar_rp_num] >= 1,y,,,,,
gv_tar_rp_othpos_1,hfa_target_setting,,text,"If other position, please specify: ",,,,,,,[gv_tar_rp_pos_1] = '99',,,,,,
gv_tar_rp_ph_1,hfa_target_setting,,text,Respondent Phone Number:,,,,,,y,[gv_tar_rp_num] >= 1,,,,,,
gv_tar_rp_hed_2,hfa_target_setting,,descriptive,"<div style=""background-color:#82cdbf; padding:5px"">Respondent #2</div>",,,,,,,[gv_tar_rp_num] >= 2,,,,,,
gv_tar_rp_nam_2,hfa_target_setting,,text,Respondent Name (First and Last):,,,,,,y,[gv_tar_rp_num] >= 2,,,,,,
gv_tar_rp_pos_2,hfa_target_setting,,radio,Respondent Position:,"6, Hospital Management | 5, Biomedical Engineering Technician | 1, NEST Coordinator | 2, Nurse | 7, Nurse-in-charge | 3, Data Clerk | 4, Clinician | 99, Other <i>(specify below)</i>",,,,,,[gv_tar_rp_num] >= 2,,,,,,
gv_tar_rp_othpos_2,hfa_target_setting,,text,"If other position, please specify: ",,,,,,,[gv_tar_rp_pos_2] = '99',,,,,,
gv_tar_rp_ph_2,hfa_target_setting,,text,Respondent Phone Number:,,,,,,y,[gv_tar_rp_num] >= 2,,,,,,
gv_tar_rp_hed_3,hfa_target_setting,,descriptive,"<div style=""background-color:#82cdbf; padding:5px"">Respondent #3</div>",,,,,,,[gv_tar_rp_num] >= 3,,,,,,
gv_tar_rp_nam_3,hfa_target_setting,,text,Respondent Name (First and Last):,,,,,,y,[gv_tar_rp_num] >= 3,,,,,,
gv_tar_rp_pos_3,hfa_target_setting,,radio,Respondent Position:,"6, Hospital Management | 5, Biomedical Engineering Technician | 1, NEST Coordinator | 2, Nurse | 7, Nurse-in-charge | 3, Data Clerk | 4, Clinician | 99, Other <i>(specify below)</i>",,,,,,[gv_tar_rp_num] >= 3,,,,,,
gv_tar_rp_othpos_3,hfa_target_setting,,text,"If other position, please specify: ",,,,,,,[gv_tar_rp_pos_3] = '99',,,,,,
gv_tar_rp_ph_3,hfa_target_setting,,text,Respondent Phone Number:,,,,,,y,[gv_tar_rp_num] >= 3,,,,,,
gv_tar_rp_hed_4,hfa_target_setting,,descriptive,"<div style=""background-color:#82cdbf; padding:5px"">Respondent #4</div>",,,,,,,[gv_tar_rp_num] >= 4,,,,,,
gv_tar_rp_nam_4,hfa_target_setting,,text,Respondent Name (First and Last):,,,,,,y,[gv_tar_rp_num] >= 4,,,,,,
gv_tar_rp_pos_4,hfa_target_setting,,radio,Respondent Position:,"6, Hospital Management | 5, Biomedical Engineering Technician | 1, NEST Coordinator | 2, Nurse | 7, Nurse-in-charge | 3, Data Clerk | 4, Clinician | 99, Other <i>(specify below)</i>",,,,,,[gv_tar_rp_num] >= 4,,,,,,
gv_tar_rp_othpos_4,hfa_target_setting,,text,"If other position, please specify: ",,,,,,,[gv_tar_rp_pos_4] = '99',,,,,,
gv_tar_rp_ph_4,hfa_target_setting,,text,Respondent Phone Number:,,,,,,y,[gv_tar_rp_num] >= 4,,,,,,
gv_tar_rp_hed_5,hfa_target_setting,,descriptive,"<div style=""background-color:#82cdbf; padding:5px"">Respondent #5</div>",,,,,,,[gv_tar_rp_num] >= 5,,,,,,
gv_tar_rp_nam_5,hfa_target_setting,,text,Respondent Name (First and Last):,,,,,,y,[gv_tar_rp_num] >= 5,,,,,,
gv_tar_rp_pos_5,hfa_target_setting,,radio,Respondent Position:,"6, Hospital Management | 5, Biomedical Engineering Technician | 1, NEST Coordinator | 2, Nurse | 7, Nurse-in-charge | 3, Data Clerk | 4, Clinician | 99, Other <i>(specify below)</i>",,,,,,[gv_tar_rp_num] >= 5,,,,,,
gv_tar_rp_othpos_5,hfa_target_setting,,text,"If other position, please specify: ",,,,,,,[gv_tar_rp_pos_5] = '99',,,,,,
gv_tar_rp_ph_5,hfa_target_setting,,text,Respondent Phone Number:,,,,,,y,[gv_tar_rp_num] >= 5,,,,,,
gv_tar_num_hed,hfa_target_setting,,descriptive,"<div style=""background-color:#82cdbf;padding:5px""></div>",,,,,,,,,,,,,
gv_tar_avl,hfa_target_setting,,yesno,Do you set targets for this facility to achieve?,,A target is a specific quantitative goal which the facility aims to reach in the future (e.g. reduce in-hospital mortality to 10% by end of 2021).,,,,,,y,,,,,
gv_tar_avl_nu,hfa_target_setting,,yesno,Do you set targets for the neonatal unit?,,,,,,,[gv_tar_avl] = '1',,,,,,
gv_tar_nu,hfa_target_setting,,checkbox,"Which, if any, of these targets concern neonatal health or the neonatal unit?","0, None | 1, Health or mortality targets | 2, Clinical practice targets | 3, Input targets",Select all that apply.,,,,,[gv_tar_avl_nu] = '1',,,,,, @NONEOFTHEABOVE=0
gv_tar_fac_nu,hfa_target_setting,,yesno,Are facility targets displayed anywhere in the hospital?,,,,,,,[gv_tar_avl] = '1',,,,,,
gv_tar_fac,hfa_target_setting,,checkbox,Where are facility targets displayed in the hospital?,"0, Not displayed in hospital | 1, Hospital manager office or meeting room | 2, Neonatal unit |  99, Other <i>(specify below)</i>",Select all that apply.,,,,,[gv_tar_fac_nu] = '1',,,,,, @NONEOFTHEABOVE=0
gv_tar_othfac,hfa_target_setting,,text,Please specify other location where targets are displayed in the hospital:,,,,,,,[gv_tar_fac(99)] = '1',,,,,,
gv_tar_hed_4,hfa_target_setting,,descriptive,"<div style=""background-color:#82cdbf; padding:5px""></div>",,,,,,,,,,,,,
gv_tar_com,hfa_target_setting,,notes,Comments:,,,,,,,,,,,,,
gv_fin_hed_1,hfa_financing_reports,,descriptive,"<div style=""background-color:#82cdbf; padding:5px""></div>",,,,,,,,,,,,,
gv_fin_ban_1,hfa_financing_reports,,descriptive,,,,,,,,,,,,,,
gv_fin_hed_2,hfa_financing_reports,,descriptive,"<div class=""h4"" style=""background-color:#82cdbf;padding:10px"">Financing Reports</div>",,,,,,,,,,,,,
gv_fin_ins_1,hfa_financing_reports,,descriptive,"<p style=""font-weight:normal""><i><b>INSTRUCTIONS:</b> Direct these questions to the hospital administrator. For some questions, you will need to observe specific items/spaces at the facility. If a free text variable is unknown and an answer is required, write ""-1"" for numeric fields and ""unknown"" for text fields. <br><br> <b>Prompt:</b> “I'd like to ask you a few questions on financing reports.”
</p>",,,,,,,,,,,,,
gv_fin_hed_3,hfa_financing_reports,,descriptive,"<div style=""background-color:#82cdbf; padding:5px""></div>",,,,,,,,,,,,,
gv_fin_sum,hfa_financing_reports,,yesno,Do you produce a report of the facility revenue and expenditure?,,,,,,,,y,,,,,
gv_fin_sum_frq,hfa_financing_reports,,radio,How often is the report produced?,"1, Monthly | 2, Quarterly | 3, Annually | 4, Irregularly | 99, Other <i>(specify below)</i>",,,,,,[gv_fin_sum] = '1',,,,,,
gv_fin_sum_othfrq,hfa_financing_reports,,text,Please specify other frequency:,,,,,,,[gv_fin_sum_frq] = '99',,,,,,
gv_fin_sum_dt,hfa_financing_reports,,text,When was the last report produced?,,"If a date is unknown, enter 1999/01/01. ",date_ymd,,,,[gv_fin_sum] = '1',,,,,,
gv_fin_yr,hfa_financing_reports,,yesno,Do you have an annual budget of the likely costs the health facility will face over the next year?,,,,,,,,y,,,,,
gv_fin_nu,hfa_financing_reports,,yesno,Is there a line item on the budget for newborn care?,,This could be a hospital budget or district or other sub-national unit health budget.,,,,,,y,,,,,
gv_fin_ws,hfa_financing_reports,,yesno,Is there a line item on the budget for the biomed department?,,This could be a hospital budget or district or other sub-national unit health budget.,,,,,,y,,,,,
gv_fin_hed_4,hfa_financing_reports,,descriptive,"<div style=""background-color:#82cdbf; padding:5px""></div>",,,,,,,,,,,,,
gv_fin_com,hfa_financing_reports,,notes,Comments:,,,,,,,,,,,,,
gv_hr_hed_1,hfa_staff_absenteeism_and_performance_review,,descriptive,"<div style=""background-color:#82cdbf; padding:5px""></div>",,,,,,,,,,,,,
gv_hr_ban_1,hfa_staff_absenteeism_and_performance_review,,descriptive,,,,,,,,,,,,,,
gv_hr_hed_2,hfa_staff_absenteeism_and_performance_review,,descriptive,"<div class=""h4"" style=""background-color:#82cdbf;padding:10px"">Staff Absenteeism and Performance Review</div>",,,,,,,,,,,,,
gv_hr_ins_1,hfa_staff_absenteeism_and_performance_review,,descriptive,"<p style=""font-weight:normal""><i><b>Instructions:</b> Direct these questions to the hospital administrator. For some questions, you will need to ask and observe the staff or specific items/spaces at the facility. Please do not leave any variable blank. If a free text variable is unknown and an answer is required, write ""-1"" for numeric fields and ""unknown"" for text fields.<br>
<b>Prompt:</b> “I'd like to ask you a few questions on staff absenteeism and performance review.”
</p>",,,,,,,,,,,,,
gv_hr_hed_3,hfa_staff_absenteeism_and_performance_review,,descriptive,"<div style=""background-color:#82cdbf; padding:5px"">Staff Absenteeism</div>",,,,,,,,,,,,,
gv_hr_doc,hfa_staff_absenteeism_and_performance_review,,radio,Does the hospital have a system of documenting when clinical staff are absent from work?,"1, Absenteeism is formally recorded and senior managers are notified | 2, Absenteeism is formally recorded at the ward level only | 3, Absenteeism system is informal | 0, No system",,,,,,,y,,,,,
gv_hr_perf_hed,hfa_staff_absenteeism_and_performance_review,,descriptive,"<div style=""background-color:#82cdbf; padding:5px"">Performance Review</div>",,,,,,,,,,,,,
gv_hr_perf_hi_new,hfa_staff_absenteeism_and_performance_review,,checkbox,Is there any formal system for recognising or rewarding well performing clinical staff?,"0, Staff are not rewarded | 1, Financial bonuses are given | 2, Other material benefits are given | 3, Non‐material ""status"" awards are given",Select all that apply.,,,,,,y,,,,, @NONEOFTHEABOVE=0
gv_hr_perf_lo,hfa_staff_absenteeism_and_performance_review,,checkbox,Which of the following actions have been taken for poorly performing clinical staff?,"0, No action taken in past 6 months | 1, Staff reassigned in past month | 5, Staff dismissed in past month | 2, Staff reassigned in past 6 months | 6, Staff dismissed in past 6 months  | 3, Staff have faced other disciplinary action in past month | 4, Staff have faced other disciplinary action in past 6 months ",Select all that apply.,,,,,,y,,,,, @NONEOFTHEABOVE=0
gv_hr_trn_nu,hfa_staff_absenteeism_and_performance_review,,yesno,Do you have a training plan in place to improve the skills of your health workers on the neonatal unit?,,Observe written plan.,,,,,,y,,,,,
gv_hr_trn,hfa_staff_absenteeism_and_performance_review,,yesno,Do individual staff have detailed training plans?,,,,,,,,y,,,,,
gv_hr_hed_4,hfa_staff_absenteeism_and_performance_review,,descriptive,"<div style=""background-color:#82cdbf; padding:5px""></div>",,,,,,,,,,,,,
gv_hr_com,hfa_staff_absenteeism_and_performance_review,,notes,Comments:,,,,,,,,,,,,,
gv_aud_hed_1,hfa_clinical_audit_and_management_meetings,,descriptive,"<div style=""background-color:#82cdbf; padding:5px""></div>",,,,,,,,,,,,,
gv_aud_ban_1,hfa_clinical_audit_and_management_meetings,,descriptive,,,,,,,,,,,,,,
gv_aud_hed_2,hfa_clinical_audit_and_management_meetings,,descriptive,"<div class=""h4"" style=""background-color:#82cdbf;padding:10px"">Clinical Audit and Management Meetings</div>",,,,,,,,,,,,,
gv_aud_ins_1,hfa_clinical_audit_and_management_meetings,,descriptive,"<p style=""font-weight:normal""><i><b><b>Instructions:</b> Direct these questions to the hospital administrator. For some questions, you will need to ask and observe the staff or specific items/spaces at the facility. Please do not leave any variable blank. If a free text variable is unknown and an answer is required, write ""-1"" for numeric fields and ""unknown"" for text fields.<br>
<b>Prompt:</b> “I'd like to ask you a few questions on clinical audit and management meetings.”</i></p>",,,,,,,,,,,,,
gv_aud_hed_3,hfa_clinical_audit_and_management_meetings,,descriptive,"<div style=""background-color:#82cdbf;padding:10px""></div>",,,,,,,,,,,,,
gv_aud_rp_num,hfa_clinical_audit_and_management_meetings,,radio,Number of Respondents Interviewed:,"1, 1 respondent|2, 2 respondents|3, 3 respondents|4, 4 respondents|5, 5 respondents",,,,,,,y,,,,,
gv_aud_rp_hed_1,hfa_clinical_audit_and_management_meetings,,descriptive,"<div style=""background-color:#82cdbf; padding:5px"">Respondent #1</div>",,,,,,,[gv_aud_rp_num] >= 1,,,,,,
gv_aud_rp_nam_1,hfa_clinical_audit_and_management_meetings,,text,Respondent Name (First and Last):,,,,,,y,[gv_aud_rp_num] >= 1,y,,,,,
gv_aud_rp_pos_1,hfa_clinical_audit_and_management_meetings,,radio,Respondent Position:,"6, Hospital Management | 5, Biomedical Engineering Technician | 1, NEST Coordinator | 2, Nurse | 8, Nurse-in-charge | 3, Data Clerk | 7, HRIO | 4, Clinician | 99, Other <i>(specify below)</i>",,,,,,[gv_aud_rp_num] >= 1,y,,,,,
gv_aud_rp_othpos_1,hfa_clinical_audit_and_management_meetings,,text,"If other position, please specify: ",,,,,,,[gv_aud_rp_pos_1] = '99',,,,,,
gv_aud_rp_ph_1,hfa_clinical_audit_and_management_meetings,,text,Respondent Phone Number:,,,,,,y,[gv_aud_rp_num] >= 1,,,,,,
gv_aud_rp_hed_2,hfa_clinical_audit_and_management_meetings,,descriptive,"<div style=""background-color:#82cdbf; padding:5px"">Respondent #2</div>",,,,,,,[gv_aud_rp_num] >= 2,,,,,,
gv_aud_rp_nam_2,hfa_clinical_audit_and_management_meetings,,text,Respondent Name (First and Last):,,,,,,y,[gv_aud_rp_num] >= 2,,,,,,
gv_aud_rp_pos_2,hfa_clinical_audit_and_management_meetings,,radio,Respondent Position:,"6, Hospital Management | 5, Biomedical Engineering Technician | 1, NEST Coordinator | 2, Nurse | 8, Nurse-in-charge | 3, Data Clerk | 7, HRIO | 4, Clinician | 99, Other <i>(specify below)</i>",,,,,,[gv_aud_rp_num] >= 2,,,,,,
gv_aud_rp_othpos_2,hfa_clinical_audit_and_management_meetings,,text,"If other position, please specify: ",,,,,,,[gv_aud_rp_pos_2] = '99',,,,,,
gv_aud_rp_ph_2,hfa_clinical_audit_and_management_meetings,,text,Respondent Phone Number:,,,,,,y,[gv_aud_rp_num] >= 2,,,,,,
gv_aud_rp_hed_3,hfa_clinical_audit_and_management_meetings,,descriptive,"<div style=""background-color:#82cdbf; padding:5px"">Respondent #3</div>",,,,,,,[gv_aud_rp_num] >= 3,,,,,,
gv_aud_rp_nam_3,hfa_clinical_audit_and_management_meetings,,text,Respondent Name (First and Last):,,,,,,y,[gv_aud_rp_num] >= 3,,,,,,
gv_aud_rp_pos_3,hfa_clinical_audit_and_management_meetings,,radio,Respondent Position:,"6, Hospital Management | 5, Biomedical Engineering Technician | 1, NEST Coordinator | 2, Nurse | 8, Nurse-in-charge | 3, Data Clerk | 7, HRIO | 4, Clinician | 99, Other <i>(specify below)</i>",,,,,,[gv_aud_rp_num] >= 3,,,,,,
gv_aud_rp_othpos_3,hfa_clinical_audit_and_management_meetings,,text,"If other position, please specify: ",,,,,,,[gv_aud_rp_pos_3] = '99',,,,,,
gv_aud_rp_ph_3,hfa_clinical_audit_and_management_meetings,,text,Respondent Phone Number:,,,,,,y,[gv_aud_rp_num] >= 3,,,,,,
gv_aud_rp_hed_4,hfa_clinical_audit_and_management_meetings,,descriptive,"<div style=""background-color:#82cdbf; padding:5px"">Respondent #4</div>",,,,,,,[gv_aud_rp_num] >= 4,,,,,,
gv_aud_rp_nam_4,hfa_clinical_audit_and_management_meetings,,text,Respondent Name (First and Last):,,,,,,y,[gv_aud_rp_num] >= 4,,,,,,
gv_aud_rp_pos_4,hfa_clinical_audit_and_management_meetings,,radio,Respondent Position:,"6, Hospital Management | 5, Biomedical Engineering Technician | 1, NEST Coordinator | 2, Nurse | 8, Nurse-in-charge | 3, Data Clerk | 7, HRIO | 4, Clinician | 99, Other <i>(specify below)</i>",,,,,,[gv_aud_rp_num] >= 4,,,,,,
gv_aud_rp_othpos_4,hfa_clinical_audit_and_management_meetings,,text,"If other position, please specify: ",,,,,,,[gv_aud_rp_pos_4] = '99',,,,,,
gv_aud_rp_ph_4,hfa_clinical_audit_and_management_meetings,,text,Respondent Phone Number:,,,,,,y,[gv_aud_rp_num] >= 4,,,,,,
gv_aud_rp_hed_5,hfa_clinical_audit_and_management_meetings,,descriptive,"<div style=""background-color:#82cdbf; padding:5px"">Respondent 5</div>",,,,,,,[gv_aud_rp_num] >= 5,,,,,,
gv_aud_rp_nam_5,hfa_clinical_audit_and_management_meetings,,text,Respondent Name (First and Last):,,,,,,y,[gv_aud_rp_num] >= 5,,,,,,
gv_aud_rp_pos_5,hfa_clinical_audit_and_management_meetings,,radio,Respondent Position:,"6, Hospital Management | 5, Biomedical Engineering Technician | 1, NEST Coordinator | 2, Nurse | 8, Nurse-in-charge | 3, Data Clerk | 7, HRIO | 4, Clinician | 99, Other <i>(specify below)</i>",,,,,,[gv_aud_rp_num] >= 5,,,,,,
gv_aud_rp_othpos_5,hfa_clinical_audit_and_management_meetings,,text,"If other position, please specify: ",,,,,,,[gv_aud_rp_pos_5] = '99',,,,,,
gv_aud_rp_ph_5,hfa_clinical_audit_and_management_meetings,,text,Respondent Phone Number:,,,,,,y,[gv_aud_rp_num] >= 5,,,,,,
gv_aud_qi_hed,hfa_clinical_audit_and_management_meetings,,descriptive,"<div style=""background-color:#fbd0c1;padding:10px"">Hospital Quality Improvement Team</div>",,,,,,,,,,,,,
gv_aud_qi_avl,hfa_clinical_audit_and_management_meetings,,yesno,Does the health facility have a quality improvement team?,,,,,,,,y,,,,,
gv_aud_qi_met,hfa_clinical_audit_and_management_meetings,,yesno,Does the health facility conduct quality improvement team meetings at least every 3 months? ,,,,,,,[gv_aud_qi_avl] = '1',,,,,,
gv_aud_qi_met_dt,hfa_clinical_audit_and_management_meetings,,text,When did the team last meet?,,"If a date is unknown, enter 1999/01/01. ",date_ymd,,,,[gv_aud_qi_avl] = '1',,,,,,
gv_aud_qi_met_min,hfa_clinical_audit_and_management_meetings,,radio,<b>Ask and Observe</b>: Are meeting minutes available for the most recent meeting?,"1, Yes |2, Yes, but not observed | 0, No",,,,,,[gv_aud_qi_avl] = '1',,,,,,
gv_aud_qi_gv,hfa_clinical_audit_and_management_meetings,,radio,Did the hospital management attend the most recent quality improvement team meeting?,"1, Yes | 0, No | 9, Unknown",,,,,,[gv_aud_qi_avl] = '1',,,,,,
gv_aud_nuqi_hed,hfa_clinical_audit_and_management_meetings,,descriptive,"<div style=""background-color:#fbd0c1;padding:10px"">Ward Quality Improvement Team</div>",,,,,,,,,,,,,
gv_aud_nuqi_avl,hfa_clinical_audit_and_management_meetings,,yesno,Does the neonatal unit have a ward quality improvement team?,,,,,,,,y,,,,,
gv_aud_nuqi_met,hfa_clinical_audit_and_management_meetings,,yesno,Does the ward improvement team conduct quality improvement meetings at least every 3 months?,,,,,,,[gv_aud_nuqi_avl] = '1',,,,,,
gv_aud_nuqi_met_dt,hfa_clinical_audit_and_management_meetings,,text,When did the team last meet?,,"If a date is unknown, enter 1999/01/01. ",date_ymd,,,,[gv_aud_nuqi_avl] = '1',,,,,,
gv_aud_nuqi_met_min,hfa_clinical_audit_and_management_meetings,,radio,<b>Ask and Observe</b>: Are meeting minutes available for the most recent meeting?,"1, Yes |2, Yes, but not observed | 0, No",,,,,,[gv_aud_nuqi_avl] = '1',,,,,,
gv_aud_ipc_hed,hfa_clinical_audit_and_management_meetings,,descriptive,"<div style=""background-color:#fbd0c1;padding:10px"">Infection Prevention and Control (IPC) Team</div>",,,,,,,,,,,,,
gv_aud_ipc_avl,hfa_clinical_audit_and_management_meetings,,yesno,Does the health facility have an infection prevention and control (IPC) team?,,,,,,,,y,,,,,
gv_aud_ipc_met,hfa_clinical_audit_and_management_meetings,,yesno,Does the health facility conduct IPC team meetings at least every 3 months? ,,,,,,,[gv_aud_ipc_avl] = '1',,,,,,
gv_aud_ipc_met_dt,hfa_clinical_audit_and_management_meetings,,text,When did the team last meet?,,"If a date is unknown, enter 1999/01/01. ",date_ymd,,,,[gv_aud_ipc_avl] = '1',,,,,,
gv_aud_ipc_met_min,hfa_clinical_audit_and_management_meetings,,radio,<b>Ask and Observe</b>: Are meeting minutes available for the most recent meeting?,"1, Yes |2, Yes, but not observed | 0, No",,,,,,[gv_aud_ipc_avl] = '1',,,,,,
gv_aud_mpdsr_hed,hfa_clinical_audit_and_management_meetings,,descriptive,"<div style=""background-color:#fbd0c1;padding:10px"">Mortality Audit/Maternal and Perinatal Death Surveillance and Response (MPDSR) team </div>",,,,,,,,,,,,,
gv_aud_mpdsr_avl,hfa_clinical_audit_and_management_meetings,,yesno,Does the health facility have a mortality audit/MPDSR team?,,,,,,,,y,,,,,
gv_aud_mpdsr_met,hfa_clinical_audit_and_management_meetings,,yesno,Does the health facility conduct mortality audit/MPDSR team meetings at least every 3 months? ,,,,,,,[gv_aud_mpdsr_avl] = '1',,,,,,
gv_aud_mpdsr_met_intg,hfa_clinical_audit_and_management_meetings,,radio,"Are review meetings integrated for maternal, stillbirth and neonatal death audit?","1, Always | 2, Sometimes | 0, Never | 9, Unknown",,,,,,[gv_aud_mpdsr_avl] = '1',,,,,,
gv_aud_mpdsr_met_dt,hfa_clinical_audit_and_management_meetings,,text,When did the team last meet?,,"If a date is unknown, enter 1999/01/01. ",date_ymd,,,,[gv_aud_mpdsr_avl] = '1',,,,,,
gv_aud_mpdsr_met_min,hfa_clinical_audit_and_management_meetings,,yesno,<b>Ask and Observe</b>: Are meeting minutes available for the most recent meeting?,"1, Yes |2, Yes, but not observed | 0, No",,,,,,[gv_aud_mpdsr_avl] = '1',,,,,,
gv_aud_hed_6,hfa_clinical_audit_and_management_meetings,,descriptive,"<div style=""background-color:#82cdbf; padding:5px""></div>",,,,,,,,,,,,,
gv_aud_com,hfa_clinical_audit_and_management_meetings,,notes,Comments:,,,,,,,,,,,,,